{
  "train_loss": [
    153.62314136874292,
    32.15098001110938,
    1.9929338529545775,
    1.0617039307471245,
    0.9719765054282322,
    0.8557604218042025,
    0.7949428850604642,
    0.7434921585744427,
    0.6769574831249894,
    0.6288958080994186,
    0.582476395304485,
    0.5507266534912971,
    0.5382902827955062,
    0.5201918590453363,
    0.5143214687544813,
    0.5063972818595107,
    0.521064991271624,
    0.5075753111672657,
    0.5071419499894624,
    0.49612852649022177,
    0.4827094979183648,
    0.4703521855095381,
    0.4542008705036615,
    0.4380834816284077,
    0.42725569009780884,
    0.4127419977739293,
    0.3968441827002392,
    0.3802039257300797,
    0.3705372361726658,
    0.3627049531347008
  ],
  "train_acc": [
    54.639938111735226,
    61.521644075207696,
    62.43987756886751,
    63.48256029060577,
    63.97363021761797,
    66.42897985267902,
    68.55470720796475,
    70.76115838686893,
    73.65039857387912,
    75.72567353940332,
    77.71013420335676,
    78.99835188860112,
    79.58359960983485,
    79.8997679190071,
    80.2731156032424,
    80.67337122868386,
    80.27647909589318,
    80.70027916989001,
    80.74064108169924,
    81.18462211160069,
    81.90777303151593,
    82.14994450237126,
    82.91345733409572,
    83.43143520231408,
    84.03686387945243,
    84.50438935790925,
    85.045911674683,
    85.85314991086744,
    86.3072214187212,
    86.75792943392419
  ],
  "val_loss": [
    39.17144730131505,
    6.925532603667954,
    0.7631963935949034,
    1.2090132731502339,
    1.1224134412862488,
    0.6768807066699206,
    0.7820371450003931,
    0.6390473953748154,
    0.5968858195563495,
    0.5861552433442261,
    0.5317784603369438,
    0.5000461137900918,
    0.566278100518857,
    0.48355154112233956,
    0.5015988956063481,
    0.4974588953842551,
    0.43091858140492845,
    0.4494110603453749,
    0.46796500985905276,
    0.5426115348177442,
    0.4343656175217386,
    0.43685075034529475,
    0.4006071838281922,
    0.4246062479786954,
    0.4023531427827932,
    0.3871372839656927,
    0.41515603964611636,
    0.3817266011137073,
    0.3797962647878518,
    0.3770971285589671
  ],
  "val_acc": [
    72.92787944025834,
    63.56297093649085,
    73.81593110871906,
    48.519913885898816,
    48.60064585575888,
    69.56404736275564,
    67.35737351991389,
    70.85575888051669,
    74.08503767491926,
    74.05812701829925,
    76.39935414424112,
    78.90204520990312,
    81.43164693218515,
    84.20344456404736,
    78.71367061356297,
    79.00968783638321,
    85.6297093649085,
    84.90312163616792,
    81.8891280947255,
    76.66846071044134,
    84.6340150699677,
    83.47685683530678,
    86.16792249730894,
    85.27987082884822,
    83.20775026910657,
    84.47255113024758,
    83.07319698600647,
    85.03767491926803,
    86.19483315392895,
    87.29817007534984
  ],
  "learning_rate": [
    0.001,
    0.0009972636867364526,
    0.000989084726566536,
    0.0009755527298894295,
    0.0009568159560924792,
    0.0009330796891903274,
    0.0009046039886902865,
    0.0008717008403259585,
    0.0008347307378762498,
    0.0007940987335200904,
    0.00075025,
    0.0007036649532163624,
    0.0006548539886902864,
    0.0006043518895634709,
    0.0005527119674021931,
    0.0005005000000000002,
    0.00044828803259780724,
    0.0003966481104365292,
    0.00034614601130971383,
    0.00029733504678363786,
    0.00025075000000000016,
    0.00020690126647990976,
    0.0001662692621237505,
    0.00012929915967404166,
    9.639601130971383e-05,
    6.792031080967288e-05,
    4.418404390752082e-05,
    2.5447270110570814e-05,
    1.1915273433464061e-05,
    3.736313263547436e-06
  ],
  "epoch_time": [
    74.52012276649475,
    75.10645389556885,
    78.72489428520203,
    78.67621803283691,
    76.89800548553467,
    77.31886744499207,
    74.87836790084839,
    75.2785222530365,
    74.26156449317932,
    75.15280199050903,
    75.0087320804596,
    74.31477928161621,
    75.34634613990784,
    74.19504642486572,
    74.82107090950012,
    74.92782616615295,
    73.86940264701843,
    74.93150544166565,
    74.93006706237793,
    74.1117045879364,
    74.8905520439148,
    74.01222038269043,
    74.4440279006958,
    74.42600703239441,
    73.75456595420837,
    74.90452551841736,
    74.50055003166199,
    73.93295884132385,
    74.3875982761383,
    73.45653533935547
  ]
}