{
  "train_loss": [
    0.6074098218512791,
    0.39452841708096126,
    0.3152665196887908,
    0.2674833296127217,
    0.2603951342484003,
    0.22605196264802768,
    0.20731099380120155,
    0.19203118024173604,
    0.17441094979964278,
    0.16323732975269517
  ],
  "train_acc": [
    75.07315596515421,
    83.29689549628334,
    86.94628502236722,
    88.90720123776529,
    89.26373145874676,
    90.58558407049881,
    91.36927785812787,
    92.05879385153544,
    92.68440348457838,
    93.02075274965524
  ],
  "val_loss": [
    0.4565984121823715,
    0.3137039145675756,
    0.29726591074870806,
    0.30564030171450923,
    0.3288446020776943,
    0.27872876822948456,
    0.2685646196290598,
    0.27543976145275567,
    0.2958979919805365,
    0.3156960748009763
  ],
  "val_acc": [
    80.46286329386437,
    87.2443487621098,
    87.7556512378902,
    88.15931108719053,
    89.1280947255113,
    88.67061356297094,
    88.91280947255113,
    89.34337997847148,
    89.63939720129171,
    88.2400430570506
  ],
  "learning_rate": [
    0.001,
    0.001,
    0.001,
    0.001,
    0.001,
    0.001,
    0.001,
    0.001,
    0.001,
    0.001
  ],
  "epoch_time": [
    61.344717025756836,
    61.43203115463257,
    62.162384033203125,
    62.31218719482422,
    62.298452377319336,
    62.35989475250244,
    62.94084548950195,
    63.15178298950195,
    62.657315492630005,
    65.52464151382446
  ]
}